n,fraction,vanilla_full_rq,vanilla_full_time,vanilla_k_rq,vanilla_k_time,gdbscan_k_rq,gdbscan_k_time
1000,0.1,1000.0,4.6379774411519366,97.0,0.41968337694803876,59.0,0.27363165219624835
2500,0.25,2500.0,27.557889223098755,211.0,2.33443276087443,164.0,1.8465378284454346
5000,0.5,5000.0,110.71047616004944,227.0,4.998401403427124,309.0,6.934973478317261
7500,0.75,7500.0,247.85204005241394,347.0,11.510719617207846,482.0,16.259459654490154
10000,1.0,10000.0,443.37480036417645,258.0,11.395248254140219,668.0,29.846403280893963
