n,fraction,vanilla_time,vanilla_std,opt_time,opt_std,vanilla_rq,opt_rq
98,0.1,0.04836435317993164,0.0008918751729048619,0.011877918243408203,0.0004912505354583852,98.0,20.0
246,0.25,0.1283329486846924,0.00679104917993001,0.07564001083374024,0.005613564654909388,109.0,60.0
493,0.5,0.19926323890686035,0.010084043373112464,0.39702439308166504,0.01945108201394639,88.0,175.0
740,0.75,0.7735709190368653,0.03446803800371755,0.9554211616516113,0.04520577620501427,234.0,280.0
987,1.0,1.1439417362213136,0.01800332259326314,1.8198663711547851,0.03088391314475008,242.0,391.0
